[{"model": "web_service.tasktype", "pk": 15, "fields": {"name": "Command call"}}, {"model": "web_service.tasktype", "pk": 16, "fields": {"name": "Development of backend logic"}}, {"model": "web_service.tasktype", "pk": 17, "fields": {"name": "Frontend interface development"}}, {"model": "web_service.tasktype", "pk": 18, "fields": {"name": "DevOPS responsibility"}}, {"model": "web_service.tasktype", "pk": 19, "fields": {"name": "Conducting an interview"}}, {"model": "web_service.tasktype", "pk": 20, "fields": {"name": "Debugging"}}, {"model": "web_service.tasktype", "pk": 21, "fields": {"name": "Optimization"}}, {"model": "web_service.tasktype", "pk": 22, "fields": {"name": "Project management"}}, {"model": "web_service.tasktype", "pk": 23, "fields": {"name": "Testing"}}, {"model": "web_service.tasktype", "pk": 24, "fields": {"name": "Marketing"}}, {"model": "web_service.position", "pk": 1, "fields": {"name": "Chief technology officer"}}, {"model": "web_service.position", "pk": 2, "fields": {"name": "Project Manager"}}, {"model": "web_service.position", "pk": 3, "fields": {"name": "HR Manager"}}, {"model": "web_service.position", "pk": 4, "fields": {"name": "Backend developer"}}, {"model": "web_service.position", "pk": 5, "fields": {"name": "Frontend developer"}}, {"model": "web_service.position", "pk": 6, "fields": {"name": "Advertising manager"}}, {"model": "web_service.position", "pk": 7, "fields": {"name": "Intern"}}, {"model": "web_service.position", "pk": 8, "fields": {"name": "DevOPS"}}, {"model": "web_service.position", "pk": 9, "fields": {"name": "QA"}}, {"model": "web_service.worker", "pk": 15, "fields": {"password": "pbkdf2_sha256$600000$ab4T3REeNMHoOycFnWmycV$oTqmFCTjhugnjwaFuKM0WSuoN0vMeEMB8r5enfVjOx4=", "last_login": "2023-11-24T13:46:53.235Z", "is_superuser": false, "username": "misko.ruslan6", "first_name": "Ruslan", "last_name": "Misko", "email": "imirragnars981@example.com", "is_staff": false, "is_active": true, "date_joined": "2023-11-23T09:45:58.152Z", "position": 1, "groups": [], "user_permissions": []}}, {"model": "web_service.worker", "pk": 22, "fields": {"password": "pbkdf2_sha256$600000$Cqmz0a43a8piTuIdNvi21R$W5VAsdMGF5aFPYNkpAKLFgIPi84jtqyYpgQp5n+iDHU=", "last_login": "2023-11-24T09:33:42.078Z", "is_superuser": false, "username": "alis.kloon9", "first_name": "Alise", "last_name": "Kloon", "email": "", "is_staff": false, "is_active": true, "date_joined": "2023-11-24T09:33:27.773Z", "position": 3, "groups": [], "user_permissions": []}}, {"model": "web_service.worker", "pk": 23, "fields": {"password": "pbkdf2_sha256$600000$cS1qEgvOxV5CUdkE41hkaT$8vcqh4XsswpwmuLekz+w4TVQDBlp9p/lP4AsmpkLK6o=", "last_login": "2023-11-24T09:47:22.307Z", "is_superuser": false, "username": "vlad.pashko67", "first_name": "Vlad", "last_name": "Pashko", "email": "", "is_staff": false, "is_active": true, "date_joined": "2023-11-24T09:47:07.144Z", "position": 2, "groups": [], "user_permissions": []}}, {"model": "web_service.worker", "pk": 24, "fields": {"password": "pbkdf2_sha256$600000$LRwHwmgO9Hm2Q3z9XMkUI6$KrbdHMvPlW0eJ5P7JyYJb/KaQVv6Ss1jGqan4hTfJAE=", "last_login": null, "is_superuser": false, "username": "jastin.prompt23", "first_name": "Jastin", "last_name": "Prompt", "email": "", "is_staff": false, "is_active": true, "date_joined": "2023-11-24T10:25:04.523Z", "position": 6, "groups": [], "user_permissions": []}}, {"model": "web_service.worker", "pk": 25, "fields": {"password": "pbkdf2_sha256$600000$SOSIRLhWv2crQb8iq0VmaI$MKkSzf2R30BnxHlFBGrjQL4eC9UiA6Ad/kenWTXjoqU=", "last_login": null, "is_superuser": false, "username": "sarah.jones45", "first_name": "Sarah", "last_name": "Jones", "email": "", "is_staff": false, "is_active": true, "date_joined": "2023-11-24T10:25:31.253Z", "position": 4, "groups": [], "user_permissions": []}}, {"model": "web_service.worker", "pk": 26, "fields": {"password": "pbkdf2_sha256$600000$Fc36hrhD9X2g7O0GfZI9xW$vdOVZCsD6Fh3khZbPKO+UuU8P6IOaASYEFbxzerUPnA=", "last_login": "2023-11-24T11:07:36.541Z", "is_superuser": false, "username": "alex.miller12", "first_name": "Alex", "last_name": "Miller", "email": "", "is_staff": false, "is_active": true, "date_joined": "2023-11-24T10:26:10.242Z", "position": 8, "groups": [], "user_permissions": []}}, {"model": "web_service.worker", "pk": 27, "fields": {"password": "pbkdf2_sha256$600000$aIs1Zmqwuu49vBKFWjp25X$kzRV5gb452RSPHBeELyEZaatuQ6QlKg8NWrt1dJdHKc=", "last_login": null, "is_superuser": false, "username": "emily.smith78", "first_name": "Emily", "last_name": "Smith", "email": "", "is_staff": false, "is_active": true, "date_joined": "2023-11-24T10:26:46.986Z", "position": 5, "groups": [], "user_permissions": []}}, {"model": "web_service.worker", "pk": 28, "fields": {"password": "pbkdf2_sha256$600000$KVrshpnitse0Ya4PpN4SAR$xZW3D7wZPtXM4QfNmjFW1DiODrY3XoijActTe6SL07Q=", "last_login": null, "is_superuser": false, "username": "chris.williams90", "first_name": "Chris", "last_name": "Williams", "email": "", "is_staff": false, "is_active": true, "date_joined": "2023-11-24T10:27:33.887Z", "position": 7, "groups": [], "user_permissions": []}}, {"model": "web_service.worker", "pk": 29, "fields": {"password": "pbkdf2_sha256$600000$li8VpGWDun6BtYeRMZN7Cz$1L0aSavhTKkD9VmxnOgnxiV4haiIBI8hOaQATbuTpHQ=", "last_login": null, "is_superuser": false, "username": "olivia.davis56", "first_name": "Olivia", "last_name": "Davis", "email": "", "is_staff": false, "is_active": true, "date_joined": "2023-11-24T10:28:12.241Z", "position": 9, "groups": [], "user_permissions": []}}, {"model": "web_service.worker", "pk": 30, "fields": {"password": "pbkdf2_sha256$600000$ScxqR67ejhgnNGadwAykhU$1d6eXmZaeGgZaYwqCbgjJiQw1zCvSqIJRHynoiqhKrs=", "last_login": null, "is_superuser": false, "username": "max.collins33", "first_name": "Max", "last_name": "Collins", "email": "", "is_staff": false, "is_active": true, "date_joined": "2023-11-24T10:28:46.030Z", "position": 4, "groups": [], "user_permissions": []}}, {"model": "web_service.worker", "pk": 31, "fields": {"password": "pbkdf2_sha256$600000$14HHpqjsyaP2GOAjA9TbzJ$uJH8oLZx4l+UWgjdrc2EyBZ1dDeEbtQ+RMK/9FOfAP8=", "last_login": null, "is_superuser": false, "username": "sophie.clark89", "first_name": "Sophie", "last_name": "Clark", "email": "", "is_staff": false, "is_active": true, "date_joined": "2023-11-24T10:29:14.057Z", "position": 8, "groups": [], "user_permissions": []}}, {"model": "web_service.worker", "pk": 32, "fields": {"password": "pbkdf2_sha256$600000$NCHBwbrfWOo9Gxd5w1YIJL$3yCMa7MpCgW+LFhaH/Gp6D97qRdgNLNECIp7EpUE2/A=", "last_login": null, "is_superuser": false, "username": "jacob.jenkins21", "first_name": "Jacob", "last_name": "Jenkins", "email": "", "is_staff": false, "is_active": true, "date_joined": "2023-11-24T10:29:39.925Z", "position": 5, "groups": [], "user_permissions": []}}, {"model": "web_service.worker", "pk": 33, "fields": {"password": "pbkdf2_sha256$600000$FsvnNZdfyowNVVwTbIfhRT$oYlPFt9yyxQLzrAhAV9EGM4xc23X3MYR229HzfUc0tc=", "last_login": null, "is_superuser": false, "username": "mia.roberts67", "first_name": "Mia", "last_name": "Roberts", "email": "", "is_staff": false, "is_active": true, "date_joined": "2023-11-24T10:30:11.007Z", "position": 7, "groups": [], "user_permissions": []}}, {"model": "web_service.worker", "pk": 34, "fields": {"password": "pbkdf2_sha256$600000$gotjD8IuW7sHoqLSF5Av75$p5Gd8kZHnAs1WQYrShbOXwCSjtBnVKwCJzCzfcHDDes=", "last_login": null, "is_superuser": false, "username": "andrew.fisher54", "first_name": "Andrew", "last_name": "Fisher", "email": "", "is_staff": false, "is_active": true, "date_joined": "2023-11-24T10:30:43.925Z", "position": 9, "groups": [], "user_permissions": []}}, {"model": "web_service.worker", "pk": 35, "fields": {"password": "pbkdf2_sha256$600000$WPUAB3HAJwIMck4wSiXjxc$M/AihY/gxWBQWp2eneB2LuChvL2XRRzE4FRF8r752Bc=", "last_login": null, "is_superuser": false, "username": "mia.rodriguez11", "first_name": "Mia", "last_name": "Rodriguez", "email": "", "is_staff": false, "is_active": true, "date_joined": "2023-11-24T10:31:14.058Z", "position": 4, "groups": [], "user_permissions": []}}, {"model": "web_service.worker", "pk": 36, "fields": {"password": "pbkdf2_sha256$600000$BHk3aNYSJdT9tV6gSIn4bD$dU2spOR8BwpPFddRL41d1Racc8V9zULF51E5qZ+JyCY=", "last_login": null, "is_superuser": true, "username": "admin.user", "first_name": "", "last_name": "", "email": "admin@example.com", "is_staff": true, "is_active": true, "date_joined": "2023-11-24T13:02:47.064Z", "position": null, "groups": [], "user_permissions": []}}, {"model": "web_service.task", "pk": 16, "fields": {"name": "Cybersecurity Risk Assessment", "description": "Conduct a comprehensive cybersecurity risk assessment to identify potential vulnerabilities, assess current security measures, and recommend improvements to ensure data integrity and confidentiality.", "deadline": "2023-12-10", "is_completed": false, "priority": "High", "task_type": 15, "assignees": [15, 23]}}, {"model": "web_service.task", "pk": 17, "fields": {"name": "Team Skill Assessment and Training Plan", "description": "Assess the current skill set of the technology team, identify skill gaps, and develop a training plan to enhance team members' expertise in relevant areas, fostering continuous learning and development.", "deadline": "2023-11-16", "is_completed": true, "priority": "High", "task_type": 15, "assignees": [24, 25, 30, 35, 15, 26, 31, 27, 32, 22, 28, 33, 23, 29, 34]}}, {"model": "web_service.task", "pk": 18, "fields": {"name": "API Performance Optimization", "description": "Evaluate the performance of existing APIs, identify bottlenecks, and implement optimizations to enhance speed, scalability, and responsiveness.", "deadline": "2023-11-16", "is_completed": true, "priority": "Low", "task_type": 16, "assignees": [25, 30, 35]}}, {"model": "web_service.task", "pk": 19, "fields": {"name": "Code Review Process Enhancement", "description": "Review and enhance the existing code review process. Implement best practices, tools, and guidelines to ensure code quality, readability, and adherence to coding standards.", "deadline": "2023-11-23", "is_completed": false, "priority": "Medium", "task_type": 20, "assignees": [25, 30, 35, 31]}}, {"model": "web_service.task", "pk": 20, "fields": {"name": "Logging and Monitoring Implementation", "description": "Implement comprehensive logging and monitoring solutions for backend systems. Ensure real-time visibility into system performance, error tracking, and proactive issue resolution.", "deadline": "2023-12-09", "is_completed": false, "priority": "High", "task_type": 16, "assignees": [25, 30, 35]}}, {"model": "web_service.task", "pk": 21, "fields": {"name": "Automated Infrastructure Provisioning", "description": "Implement infrastructure as code (IaC) to automate the provisioning of infrastructure resources. Utilize tools like Terraform or Ansible to define and manage infrastructure configurations.", "deadline": "2023-12-02", "is_completed": true, "priority": "Urgent", "task_type": 18, "assignees": [26, 31]}}, {"model": "web_service.task", "pk": 22, "fields": {"name": "Cloud Cost Management", "description": "Develop and implement strategies to monitor and manage cloud infrastructure costs effectively. Utilize cloud cost management tools and implement cost-saving measures without compromising performance.", "deadline": "2023-11-22", "is_completed": true, "priority": "Low", "task_type": 18, "assignees": [26, 31]}}, {"model": "web_service.task", "pk": 23, "fields": {"name": "Network Security Enhancements", "description": "Review and enhance network security configurations. Implement firewalls, intrusion detection/prevention systems, and other measures to protect against unauthorized access and potential security threats.", "deadline": "2023-11-23", "is_completed": false, "priority": "Low", "task_type": 18, "assignees": [30, 26, 31]}}, {"model": "web_service.task", "pk": 24, "fields": {"name": "Employee Onboarding Enhancement", "description": "Improve the onboarding process to ensure a smooth and positive experience for new hires. Streamline paperwork, provide effective training, and create a welcoming environment to integrate new employees seamlessly.", "deadline": "2023-12-02", "is_completed": false, "priority": "Medium", "task_type": 19, "assignees": [22]}}, {"model": "web_service.task", "pk": 25, "fields": {"name": "Talent Acquisition Strategy", "description": "Develop and implement a comprehensive talent acquisition strategy. Identify diverse sourcing channels, optimize recruitment processes, and attract top talent to meet the organization's staffing needs.", "deadline": "2023-11-25", "is_completed": true, "priority": "Urgent", "task_type": 19, "assignees": [22]}}, {"model": "web_service.task", "pk": 26, "fields": {"name": "Test Automation Framework Implementation", "description": "Develop and implement a robust test automation framework. Evaluate tools, define coding standards, and create reusable test scripts to enhance efficiency and effectiveness in the testing process.", "deadline": "2023-12-01", "is_completed": false, "priority": "Medium", "task_type": 23, "assignees": [29, 34]}}, {"model": "web_service.task", "pk": 27, "fields": {"name": "Performance Testing Strategy", "description": "Develop a performance testing strategy to evaluate the scalability, responsiveness, and stability of applications under various conditions. Implement performance testing tools and analyze results for optimization.", "deadline": "2023-11-22", "is_completed": true, "priority": "High", "task_type": 23, "assignees": [29, 34]}}, {"model": "web_service.task", "pk": 28, "fields": {"name": "Responsive Design Implementation", "description": "Ensure all web applications are responsive and provide a seamless user experience across various devices and screen sizes. Implement and test responsive design principles to guarantee optimal user interaction.", "deadline": "2024-01-07", "is_completed": false, "priority": "Medium", "task_type": 17, "assignees": [27, 32]}}, {"model": "web_service.task", "pk": 29, "fields": {"name": "Accessibility Testing", "description": "Integrate accessibility testing into the development process. Validate that web applications comply with accessibility standards (e.g., WCAG) to provide an inclusive user experience for individuals with disabilities.", "deadline": "2023-11-18", "is_completed": true, "priority": "Urgent", "task_type": 17, "assignees": [27, 32]}}, {"model": "web_service.task", "pk": 30, "fields": {"name": "SEO and SEM Integration", "description": "Collaborate with SEO and SEM teams to align advertising efforts with organic search strategies. Ensure consistency in messaging and branding across paid and organic channels.", "deadline": "2023-12-08", "is_completed": false, "priority": "Medium", "task_type": 24, "assignees": [24]}}, {"model": "web_service.task", "pk": 31, "fields": {"name": "Target Audience Analysis", "description": "Conduct in-depth analysis to identify and understand the target audience for advertising campaigns. Utilize demographic data, consumer behavior patterns, and market research to refine targeting strategies.", "deadline": "2023-11-22", "is_completed": true, "priority": "High", "task_type": 24, "assignees": [24]}}]